City_ID,City,Cloudiness,Country,Date,Humidity,Lat,Lng,Max Temp,Wind Speed
0,Yellowknife,20,CA,1584300276,63,62.46,-114.35,26.6,18.34
1,Itarema,57,BR,1584300010,81,-2.92,-39.92,83.64,6.38
2,Odienné,97,CI,1584300276,18,9.51,-7.57,93.72,3.0
3,Leshukonskoye,74,RU,1584300276,84,64.9,45.76,19.56,11.21
4,Cayenne,75,GF,1584300276,62,4.93,-52.33,86.0,11.41
5,Laguna,75,US,1584300276,81,38.42,-121.42,55.4,10.29
6,Rudnyy,0,KZ,1584300277,92,52.96,63.12,26.6,8.95
7,Nouakchott,0,MR,1584300277,60,18.09,-15.98,75.2,23.04
8,Leningradskiy,98,RU,1584300277,70,69.38,178.42,14.7,12.35
9,Lavrentiya,100,RU,1584300277,98,65.58,-171.0,28.56,7.92
10,Lábrea,99,BR,1584300277,88,-7.26,-64.8,84.9,3.85
11,Rondonópolis,18,BR,1584300063,62,-16.47,-54.64,87.78,4.29
12,Līsakovsk,0,KZ,1584300277,85,52.54,62.49,28.92,9.53
13,Vestmanna,87,FO,1584300277,74,62.16,-7.17,30.2,13.35
14,Coquimbo,75,CL,1584300161,77,-29.95,-71.34,64.4,13.87
15,General Roca,0,AR,1584300277,17,-39.03,-67.58,82.4,8.05
16,San Cristobal,75,VE,1584300277,58,7.77,-72.22,82.4,5.82
17,Grand-Lahou,92,CI,1584300277,80,5.14,-5.02,83.46,13.47
18,Wairoa,22,NZ,1584300277,96,-39.03,177.37,54.0,5.01
19,Guerrero Negro,0,MX,1584300003,61,27.98,-114.06,64.2,14.07
20,Eyl,0,SO,1584300278,81,7.98,49.82,79.68,13.29
21,Hermanus,26,ZA,1584300013,77,-34.42,19.23,64.99,4.0
22,Plattsburgh,1,US,1584300198,58,44.7,-73.45,30.0,19.46
23,Sitka,1,US,1584300278,74,57.05,-135.33,37.4,3.36
24,Øksfjord,90,NO,1584300219,62,70.24,22.35,24.8,10.29
25,Derzhavīnsk,100,KZ,1584300278,98,51.1,66.32,33.6,9.37
26,Ilesha,49,NG,1584300278,33,7.14,5.26,88.5,1.05
27,Kisanga,8,TZ,1584300278,84,-7.44,37.7,78.06,1.23
28,Vostok,85,RU,1584300278,96,46.49,135.88,4.8,4.12
29,Digoin,1,FR,1584300278,50,46.48,3.98,57.2,14.99
30,Moose Factory,1,CA,1584300278,51,51.26,-80.61,10.4,3.36
31,Thompson,20,CA,1584300278,43,55.74,-97.86,15.8,14.99
32,Butaritari,0,KI,1584300278,81,3.07,172.79,83.64,17.92
33,Evensk,100,RU,1584300279,93,61.95,159.23,3.0,7.72
34,Bambous Virieux,40,MU,1584300279,83,-20.34,57.76,77.0,9.86
35,Barcs,0,HU,1584300279,48,45.96,17.46,39.54,4.76
36,Hithadhoo,34,MV,1584300020,57,-0.6,73.08,84.18,3.85
37,Caraquet,1,CA,1584300279,42,47.79,-64.94,28.99,12.75
38,Mossamedes,56,AO,1584300279,87,-15.2,12.15,75.54,11.07
39,Rockingham,1,US,1584300279,35,42.97,-71.1,48.99,8.05
40,Port Alfred,90,ZA,1584300279,97,-33.59,26.89,63.0,1.01
41,Roebourne,18,AU,1584300279,62,-20.78,117.13,83.64,11.54
42,Gorlice,0,PL,1584300279,47,49.66,21.16,35.01,5.64
43,Muli,18,MV,1584300279,69,2.92,73.57,84.54,6.26
44,Paka,92,MY,1584300279,83,4.64,103.44,82.4,6.93
45,Biltine,100,TD,1584300280,12,14.53,20.92,80.94,8.7
46,Narasannapeta,69,IN,1584300280,88,18.42,84.05,75.18,2.24
47,Inyonga,80,TZ,1584300280,88,-6.72,32.07,69.78,1.68
48,Necochea,0,AR,1584300280,64,-38.55,-58.74,70.0,5.01
49,Indramayu,95,ID,1584300280,84,-6.33,108.32,79.5,3.65
50,Kuopio,75,FI,1584300280,64,62.89,27.68,37.4,20.8
51,Moussoro,83,TD,1584300280,8,13.64,16.49,80.58,10.76
52,Altay,0,CN,1584300280,38,47.87,88.12,22.8,6.15
53,Sørkjosen,82,NO,1584300280,59,69.8,20.93,26.58,15.73
54,East Chicago,1,US,1584300280,60,41.64,-87.45,45.0,13.87
55,Ushuaia,40,AR,1584300280,48,-54.8,-68.3,66.2,5.82
56,San Policarpo,21,PH,1584300280,77,12.18,125.51,76.98,8.7
57,Qaanaaq,100,GL,1584300280,64,77.48,-69.36,-12.3,2.39
58,The Valley,40,AI,1584300281,54,18.22,-63.06,82.4,10.29
59,Hong Kong,20,HK,1584300259,72,22.29,114.16,69.01,11.41
60,Ponta do Sol,40,PT,1584300085,63,32.67,-17.1,62.6,13.87
61,Arlit,0,NE,1584300281,9,18.74,7.39,82.02,7.61
62,Lebu,0,CL,1584300281,40,-37.62,-73.65,67.98,10.67
63,Myanaung,89,MM,1584300281,32,18.28,95.32,76.44,3.2
64,Cuamba,26,MZ,1584300281,82,-14.8,36.54,70.68,5.77
65,Maralal,100,KE,1584300281,62,1.1,36.7,71.94,16.93
66,Rio Grande,90,BR,1584300229,74,-32.03,-52.1,78.8,13.87
67,Holland,1,US,1584300281,39,42.79,-86.11,45.0,10.29
68,Pangnirtung,75,CA,1584300281,61,66.15,-65.71,-20.2,2.77
69,Bowen,0,AU,1584300222,93,-20.02,148.23,72.0,1.12
70,Hudiksvall,100,SE,1584300281,83,61.73,17.1,42.01,5.01
71,Sirte,0,LY,1584300281,69,31.21,16.59,63.66,13.29
72,Nānākuli,75,US,1584300282,88,21.39,-158.15,80.6,3.36
73,Kostomuksha,100,RU,1584300282,83,64.57,30.58,30.54,16.84
74,Muisne,75,EC,1584300282,79,0.6,-80.03,84.2,4.7
75,Chase,5,CA,1584300282,27,50.82,-119.69,26.6,9.17
76,Yar-Sale,78,RU,1584300100,81,66.83,70.83,-6.18,5.93
77,Fort-Shevchenko,65,KZ,1584300282,56,44.51,50.26,43.68,9.31
78,Cadillac,1,US,1584300282,29,44.25,-85.4,42.01,3.36
79,Lagoa,0,PT,1584300282,70,39.05,-27.98,58.62,3.98
80,Vestmannaeyjar,90,IS,1584300282,64,63.44,-20.27,39.2,13.87
81,Tukan,96,RU,1584300282,95,53.84,57.46,26.94,3.18
82,Sept-Îles,90,CA,1584300282,62,50.2,-66.38,21.99,14.99
83,Kavaratti,1,IN,1584300009,69,10.57,72.64,83.1,7.18
84,Wahiawā,75,US,1584300282,88,21.5,-158.02,80.6,3.36
85,Uray,100,RU,1584300283,81,60.12,64.78,26.04,11.5
86,Ürümqi,0,CN,1584300283,48,43.8,87.6,42.8,8.95
87,Bouillante,0,GP,1584300283,61,16.13,-61.77,82.4,3.36
88,Tura,52,IN,1584300008,69,25.52,90.22,66.72,2.21
89,Mahon,0,ES,1584300283,81,39.89,4.27,53.6,8.05
90,Vanimo,100,PG,1584300283,76,-2.67,141.3,81.3,11.1
91,Faya,8,SA,1584300283,82,18.39,42.45,60.8,6.93
92,Cape Canaveral,1,US,1584300283,61,28.41,-80.6,87.8,6.93
93,Bandarbeyla,0,SO,1584300025,77,9.49,50.81,79.68,12.17
94,Umeå,75,SE,1584300283,86,63.83,20.26,37.4,17.22
95,Limbang,75,MY,1584300283,83,4.75,115.0,80.6,5.82
96,Tazovsky,100,RU,1584300283,89,67.47,78.7,-5.1,6.73
97,Puerto Ayora,20,EC,1584300283,70,-0.74,-90.35,86.0,11.41
98,Tual,100,ID,1584300283,81,-5.67,132.75,79.86,12.33
99,Umluj,0,SA,1584300043,55,25.02,37.27,70.14,7.9
100,Broome,1,US,1584300284,23,42.25,-75.83,44.01,16.11
101,Chipinge,8,ZW,1584300284,63,-20.19,32.62,72.66,6.89
102,Lorengau,100,PG,1584300024,75,-2.02,147.27,83.28,12.33
103,Pokosnoye,67,RU,1584300284,89,55.53,101.05,29.28,11.79
104,Puksoozero,0,RU,1584300284,85,62.59,40.61,20.28,10.8
105,Gao,25,ML,1584300256,9,16.64,1.64,89.22,6.17
106,Aurangabad,65,IN,1584300284,35,19.88,75.33,73.4,9.84
107,Bāglung,48,NP,1584300284,48,28.27,83.59,33.42,10.58
108,Shingū,42,JP,1584300038,69,33.73,135.98,46.2,22.12
109,Pevek,96,RU,1584300013,94,69.7,170.31,8.76,13.13
110,Aksay,97,RU,1584300284,53,47.26,39.87,26.6,6.71
111,Vao,41,NC,1584300284,72,-22.67,167.48,84.0,45.79
112,Codrington,0,AU,1584300285,78,-38.27,141.97,58.62,14.36
113,Itakyry,0,PY,1584300244,23,-24.93,-55.22,97.68,7.09
114,Al Bardīyah,0,LY,1584300285,72,31.76,25.09,62.94,4.7
115,Geraldton,72,AU,1584300285,88,-28.77,114.6,66.2,9.1
116,Xinyang,88,CN,1584300285,52,32.12,114.07,55.02,1.45
117,Itoman,20,JP,1584300285,51,26.12,127.67,60.8,13.87
118,Pocatello,75,US,1584300010,75,42.87,-112.45,44.01,5.82
119,Jamestown,1,US,1584299990,41,42.1,-79.24,44.01,14.99
120,Tabou,100,CI,1584300285,84,4.42,-7.35,80.4,4.81
121,Port Macquarie,75,AU,1584300285,100,-31.43,152.92,61.0,8.05
122,Mount Gambier,0,AU,1584300285,93,-37.83,140.77,44.6,5.35
123,Kuantan,20,MY,1584300285,94,3.81,103.33,78.8,3.36
124,Ribeira Brava,40,PT,1584300285,63,32.65,-17.07,62.6,13.87
125,Gisborne,66,NZ,1584300285,96,-38.65,178.0,54.0,5.01
126,Olinda,40,BR,1584300286,74,-8.01,-34.86,84.2,9.17
127,Huangpi,79,CN,1584300286,54,30.88,114.38,59.0,6.71
128,Katima Mulilo,98,NA,1584300286,100,-17.5,24.27,73.4,2.24
129,Korla,91,CN,1584300041,57,41.76,86.15,46.0,4.0
130,Kot Samaba,100,PK,1584300286,33,28.55,70.47,71.76,6.8
131,Caravelas,100,BR,1584300286,75,-17.71,-39.25,80.94,7.54
132,Naze,0,JP,1584300286,51,28.37,129.48,60.8,24.16
133,Natchitoches,90,US,1584300286,77,31.77,-93.13,77.0,8.05
134,Mehrān,20,IR,1584300286,87,33.12,46.16,48.2,2.24
135,Ulladulla,75,AU,1584300286,100,-35.35,150.47,62.01,13.87
136,Rota,40,ES,1584300286,87,36.62,-6.36,62.01,10.29
137,Kissidougou,100,GN,1584300286,24,9.18,-10.1,91.92,1.23
138,Xaxim,20,BR,1584300287,34,-26.96,-52.53,93.99,9.17
139,Keuruu,90,FI,1584300287,80,62.27,24.7,37.4,19.46
140,Taoudenni,0,ML,1584300063,4,22.68,-3.98,89.94,10.02
141,Tasiilaq,100,GL,1584300287,35,65.61,-37.64,10.4,24.16
142,Mayo,75,US,1584300287,61,38.89,-76.51,52.0,8.05
143,Walvis Bay,5,NA,1584300287,88,-22.96,14.51,62.6,8.05
144,Morro da Fumaça,48,BR,1584300287,38,-28.65,-49.21,89.76,6.13
145,Muğla Province,40,TR,1584300287,93,37.23,28.36,59.0,4.7
146,Grants Pass,75,US,1584300201,75,42.44,-123.33,46.0,2.33
147,Saint George,75,US,1584300266,48,37.1,-113.58,62.01,10.29
148,Mayfield,90,US,1584300287,75,36.74,-88.64,43.0,5.82
149,Ulety,97,RU,1584300288,86,51.36,112.48,24.42,9.98
150,Formosa do Rio Preto,100,BR,1584300288,90,-11.05,-45.19,77.88,5.68
151,Norman Wells,75,CA,1584300288,61,65.28,-126.83,17.6,18.34
152,Bluff,76,NZ,1584299999,93,-46.6,168.33,53.01,15.01
153,Wellington,50,NZ,1584300196,82,-41.29,174.78,62.01,18.34
154,Egvekinot,99,RU,1584300288,99,66.32,-179.17,8.22,6.24
155,Sola,75,VU,1584300288,83,-13.88,167.55,82.4,23.87
156,Bodden Town,20,KY,1584300288,70,19.28,-81.25,84.2,18.34
157,Shizunai-furukawachō,99,JP,1584300288,69,42.33,142.37,22.62,3.38
158,Tucupita,81,VE,1584300288,42,9.06,-62.05,95.34,2.89
159,Salalah,75,OM,1584300042,65,17.02,54.09,77.0,10.29
160,Plastun,0,RU,1584300289,72,44.76,136.29,12.9,10.4
161,Meadow Lake,1,US,1584300289,28,34.8,-106.54,63.0,4.7
162,Bonthe,100,SL,1584300289,62,7.53,-12.51,84.72,11.99
163,Huarmey,47,PE,1584300289,46,-10.07,-78.15,85.26,11.1
164,Tomatlán,74,MX,1584300289,39,19.93,-105.25,91.02,5.59
165,Vestnes,75,NO,1584300289,98,62.63,7.09,39.2,12.75
166,Ambilobe,100,MG,1584300289,90,-13.2,49.05,79.5,9.73
167,Mar del Plata,20,AR,1584300023,59,-38.0,-57.56,68.0,9.17
168,Hilo,90,US,1584300289,73,19.73,-155.09,75.2,4.7
169,Hamilton,90,US,1584300289,76,39.18,-84.53,46.0,10.29
170,Boguchany,94,RU,1584300289,91,58.38,97.45,30.36,9.75
171,Banda Aceh,100,ID,1584300290,93,5.56,95.32,75.72,5.26
172,Beloha,18,MG,1584300290,87,-25.17,45.05,72.48,12.62
173,Desaguadero,27,PE,1584300290,56,-16.57,-69.04,55.74,11.61
174,Ancud,20,CL,1584300290,56,-41.87,-73.82,68.0,8.05
175,Brainerd,75,US,1584300290,55,46.36,-94.2,33.8,6.29
176,Kaputa,99,ZM,1584300290,93,-8.47,29.66,69.06,2.08
177,Hammerfest,75,NO,1584300061,53,70.66,23.68,24.8,11.41
178,Aklavik,20,CA,1584300006,55,68.22,-135.01,8.6,9.17
179,Changtu,0,CN,1584300290,41,42.78,124.1,22.98,3.53
180,Petropavlovsk-Kamchatskiy,90,RU,1584300290,93,53.05,158.65,35.6,42.5
181,Voyvozh,59,RU,1584300290,95,62.89,54.96,3.0,2.66
182,Labuhan,52,ID,1584300066,91,-6.88,112.21,76.08,2.73
183,Bengkulu,93,ID,1584300290,88,-3.8,102.27,75.36,3.31
184,Plettenberg Bay,100,ZA,1584300291,89,-34.05,23.37,61.68,1.72
185,Lieksa,98,FI,1584300291,67,63.32,30.02,32.7,17.29
186,Morales,55,CO,1584300291,77,2.76,-76.62,76.98,1.88
187,Grindavik,90,IS,1584300291,74,63.84,-22.43,35.6,27.51
188,Punta Arenas,100,CL,1584300256,63,-53.15,-70.92,62.6,29.97
189,Puerto Lleras,62,CO,1584300291,53,3.02,-73.4,90.12,5.75
190,Krasnopillya,100,UA,1584300291,58,50.77,35.26,30.36,13.42
191,Simpang,1,ID,1584300291,97,-1.27,104.08,74.46,2.64
192,Cap Malheureux,40,MU,1584300018,83,-19.98,57.61,77.0,9.75
193,Mahébourg,40,MU,1584300291,83,-20.41,57.7,77.0,5.01
194,Ola,87,RU,1584300291,91,59.58,151.28,-3.12,6.6
195,Bonavista,66,CA,1584300291,77,48.65,-53.11,30.0,10.0
196,Alnashi,89,RU,1584300291,98,56.19,52.48,32.88,4.34
197,Makkah al Mukarramah,0,SA,1584300292,56,21.43,39.83,69.06,7.56
198,Kiryat Gat,66,IL,1584300067,82,31.61,34.76,62.6,3.36
199,Avera,90,US,1584300292,68,33.19,-82.53,73.4,12.75
200,Arraial do Cabo,0,BR,1584300292,66,-22.97,-42.03,86.0,18.34
201,Williston,90,US,1584300292,86,48.15,-103.62,30.2,6.93
202,Mazamari,100,PE,1584300292,80,-11.33,-74.53,73.2,1.52
203,Ilebo,69,CD,1584300292,79,-4.32,20.58,77.52,1.25
204,Shache,0,CN,1584300027,64,38.42,77.24,50.0,5.08
205,Topolobampo,90,MX,1584300292,49,25.6,-109.05,73.4,11.41
206,Ostrovnoy,100,RU,1584300292,89,68.05,39.51,25.5,24.23
207,Regeneração,100,BR,1584300292,80,-6.24,-42.69,82.92,5.03
208,Lüderitz,0,NA,1584300292,60,-26.65,15.16,71.6,13.87
209,Manama,11,BH,1584300008,64,26.22,50.58,73.4,12.75
210,Rawson,17,AR,1584300293,51,-43.3,-65.1,65.64,15.5
211,Pulandian,0,CN,1584300293,53,39.4,121.97,23.0,4.47
212,Oodweyne,30,SO,1584300293,54,9.41,45.06,72.48,5.28
213,Bathsheba,20,BB,1584300293,65,13.22,-59.52,82.4,11.41
214,Karligan,69,PH,1584300293,86,14.97,122.05,76.26,12.03
215,Sur,99,OM,1584300034,69,22.57,59.53,69.42,8.3
216,Kedrovyy,40,RU,1584300293,64,56.17,91.82,37.4,6.71
217,Voznesen'ye,5,RU,1584300293,55,61.01,35.48,28.38,15.1
218,Gazi,20,GR,1584300293,87,35.33,25.07,60.8,10.29
219,Philadelphia,40,US,1584300121,34,39.95,-75.16,55.4,4.7
220,Castro,3,BR,1584300293,42,-24.79,-50.01,84.9,4.85
221,Gambēla,51,ET,1584300056,56,8.25,34.58,82.38,6.22
222,Norwich,40,GB,1584300293,93,52.63,1.3,46.99,8.05
223,Coffs Harbour,49,AU,1584300293,93,-30.3,153.13,63.0,13.87
224,Pierre,90,US,1584300294,80,44.37,-100.35,35.01,24.16
225,Jaisalmer,100,IN,1584300060,27,26.91,70.92,72.84,11.27
226,Tiksi,99,RU,1584300294,87,71.69,128.87,3.0,18.37
227,Coahuayana Viejo,36,MX,1584300201,54,18.73,-103.68,84.72,5.86
228,East London,20,ZA,1584300294,88,-33.02,27.91,68.0,8.05
229,Kyshtovka,100,RU,1584300294,91,56.55,76.63,34.32,18.9
230,Dehlorān,4,IR,1584300294,62,32.69,47.27,62.4,8.81
231,Serzhen'-Yurt,95,RU,1584300294,70,43.12,45.99,46.4,2.24
232,Nome,90,US,1584300028,100,64.5,-165.41,26.6,13.87
233,Port-Gentil,40,GA,1584300294,88,-0.72,8.78,82.4,6.93
234,Zhangye,100,CN,1584300294,34,38.93,100.45,41.34,5.37
235,Santa Vitória do Palmar,100,BR,1584300294,56,-33.52,-53.37,73.2,10.65
236,Dingle,18,PH,1584300172,86,11.0,122.67,71.4,9.31
237,Mackay,40,AU,1584300295,88,-21.15,149.2,73.0,5.82
238,Zboriv,0,UA,1584300295,48,49.66,25.14,30.54,0.89
239,Kaitangata,90,NZ,1584300295,69,-46.28,169.85,61.0,1.01
240,Rome,1,US,1584300185,30,43.21,-75.46,41.0,8.05
241,Tuktoyaktuk,90,CA,1584300295,77,69.45,-133.04,-2.2,20.8
242,Bosaso,0,SO,1584300235,83,11.28,49.18,77.52,12.73
243,Gerede,100,TR,1584300295,96,40.8,32.2,36.12,6.26
244,Açucena,43,BR,1584300295,71,-19.07,-42.55,77.16,5.66
245,Khuzhir,85,RU,1584300295,91,53.19,107.34,28.02,12.91
246,Mendoza,0,AR,1584300174,21,-32.89,-68.83,78.8,6.93
247,Hobyo,59,SO,1584300295,76,5.35,48.53,81.3,13.11
248,Kasongo,0,CD,1584300295,86,-4.45,26.67,75.0,1.54
249,Khatanga,100,RU,1584300007,90,71.97,102.5,-16.26,8.81
250,Sibolga,100,ID,1584300296,94,1.74,98.78,72.12,3.76
251,Mayumba,61,GA,1584300052,83,-3.43,10.66,82.2,9.28
252,Paamiut,9,GL,1584300296,62,61.99,-49.67,8.22,15.17
253,Tarakan,16,ID,1584300296,78,3.3,117.63,79.32,9.17
254,Kapaa,20,US,1584300296,73,22.08,-159.32,75.2,11.41
255,Strezhevoy,90,RU,1584300296,96,60.73,77.59,32.0,8.95
256,Acapulco de Juárez,75,MX,1584300296,62,16.86,-99.89,87.8,8.05
257,Ixtapa,40,MX,1584300296,61,20.7,-105.2,80.6,8.05
258,Krasnosel'kup,20,RU,1584300296,86,65.7,82.47,-12.48,6.38
259,Balabac,31,PH,1584300296,81,7.99,117.06,79.5,10.13
260,Tenosique,40,MX,1584300296,58,17.48,-91.43,87.8,6.93
261,Sinnamary,83,GF,1584300296,72,5.38,-52.95,80.58,11.39
262,Busselton,42,AU,1584300297,73,-33.65,115.33,62.01,9.8
263,Vila Franca do Campo,20,PT,1584300032,67,37.72,-25.43,60.8,6.93
264,Iracoubo,83,GF,1584300297,72,5.48,-53.2,80.58,11.39
265,Port Lincoln,25,AU,1584300050,76,-34.73,135.87,63.48,12.68
266,Kushmurun,15,KZ,1584300297,83,52.45,64.63,30.72,10.94
267,Acajutla,20,SV,1584300093,28,13.59,-89.83,93.2,4.7
268,Labytnangi,85,RU,1584300297,99,66.66,66.42,-5.1,1.23
269,Sanguéya,95,GN,1584300297,46,10.7,-14.37,85.08,10.65
270,Ferrol,20,ES,1584300297,75,43.48,-8.24,51.01,9.17
271,Champerico,75,GT,1584300297,52,14.3,-91.92,91.4,9.17
272,La Serena,75,CL,1584300297,77,-29.91,-71.25,64.4,13.87
273,Makakilo City,20,US,1584300297,69,21.35,-158.09,80.6,3.36
274,Port Hardy,5,CA,1584300084,44,50.7,-127.42,37.4,14.99
275,Sikasso,100,ML,1584300298,12,10.92,-7.0,96.06,0.78
276,Adeje,75,ES,1584300298,52,28.12,-16.73,68.0,4.7
277,Inhambane,20,MZ,1584300298,74,-23.86,35.38,80.6,4.7
278,Bariloche,0,AR,1584300298,20,-41.15,-71.31,73.4,8.05
279,Hambantota,0,LK,1584300049,94,6.12,81.12,78.8,8.05
280,Bara,28,NG,1584300298,9,10.37,10.73,80.76,5.93
281,Vaini,90,TO,1584300298,94,-21.2,-175.2,77.0,5.82
282,Casper,40,US,1584300298,43,42.87,-106.31,55.4,21.92
283,Chokurdakh,0,RU,1584300298,71,70.63,147.92,-22.2,4.07
284,Barrow,1,US,1584300298,70,71.29,-156.79,-4.0,14.99
285,Qaqortoq,100,GL,1584300299,53,60.72,-46.03,26.6,9.17
286,Chiang Klang,5,TH,1584300299,68,19.29,100.86,70.86,1.21
287,Ouégoa,96,NC,1584300299,91,-20.35,164.43,74.28,12.82
288,Kloulklubed,75,PW,1584300029,94,7.04,134.26,75.2,5.82
289,Chadiza,53,ZM,1584300299,95,-14.07,32.44,68.7,3.69
290,Lewistown,40,US,1584300299,39,40.6,-77.57,52.0,10.29
291,Aswān,0,EG,1584300299,31,24.09,32.91,77.0,8.05
292,Constitución,0,CL,1584300299,47,-35.33,-72.42,66.54,11.92
293,Port Augusta,0,AU,1584300299,87,-32.5,137.77,59.0,9.17
294,Chapais,1,CA,1584300299,50,49.78,-74.85,8.6,5.82
295,Praia,20,CV,1584300024,65,14.92,-23.51,77.0,19.46
296,Morant Bay,20,JM,1584300300,49,17.88,-76.41,89.6,12.75
297,Alofi,100,NU,1584300106,83,-19.06,-169.92,82.4,4.7
298,Kismayo,58,SO,1584300300,80,-0.36,42.55,82.92,13.51
299,Primo Tapia,90,MX,1584300300,72,32.22,-116.92,64.0,8.05
300,Margate,75,GB,1584300300,93,51.38,1.39,51.01,5.82
301,Andenes,95,NO,1584300300,74,69.31,16.12,30.2,11.41
302,Saint-Philippe,100,RE,1584300300,73,-21.36,55.77,77.0,16.11
303,Murygino,39,RU,1584300300,90,58.74,49.46,18.48,6.87
304,Bairiki Village,20,KI,1584300300,83,1.33,172.98,82.4,11.41
305,Presidente Prudente,2,BR,1584300300,55,-22.13,-51.39,87.78,4.9
306,Atambua,100,ID,1584300300,81,-9.11,124.89,73.2,3.74
307,Orsha,0,BY,1584300300,69,54.52,30.41,28.02,6.91
308,Lake Charles,75,US,1584300239,54,30.21,-93.2,82.4,5.82
309,Paraíso,20,CR,1584300300,51,9.84,-83.87,87.8,19.46
310,Alyangula,0,AU,1584300223,94,-13.85,136.42,69.8,2.08
311,Farsund,100,NO,1584300301,89,58.09,6.8,44.01,10.0
312,Los Llanos de Aridane,20,ES,1584300043,55,28.66,-17.92,66.2,17.22
313,Srednekolymsk,57,RU,1584300301,97,67.45,153.68,-22.02,3.91
314,Porbandar,96,IN,1584300301,48,21.64,69.61,77.52,11.36
315,Nishihara,20,JP,1584300301,51,26.18,127.76,60.8,13.87
316,Qazanbulaq,40,AZ,1584300301,87,40.62,46.65,53.6,11.41
317,Svetlaya,53,RU,1584300301,57,46.54,138.33,20.82,10.07
318,Iqaluit,90,CA,1584300019,69,63.75,-68.51,-9.0,3.36
319,Paita,29,PE,1584300301,100,-5.09,-81.11,62.6,13.87
320,Nanortalik,100,GL,1584300301,73,60.14,-45.24,24.78,15.64
321,Meulaboh,60,ID,1584300301,70,4.14,96.13,85.08,0.76
322,Brazzaville,40,CG,1584300301,59,-4.27,15.28,89.6,3.69
323,Cherskiy,98,RU,1584300104,97,68.75,161.3,-2.22,4.79
324,Lodja,99,CD,1584300302,89,-3.48,23.43,74.64,1.86
325,Kautokeino,100,NO,1584300302,85,69.01,23.04,15.06,7.7
326,San Quintín,6,MX,1584300302,66,30.48,-115.95,62.22,9.84
327,Capela,40,BR,1584300302,55,-10.5,-37.05,87.8,13.87
328,Kalabagh,52,PK,1584300302,57,32.97,71.56,62.04,2.44
329,Gornopravdinsk,100,RU,1584300302,96,60.05,69.9,30.9,10.76
330,Äänekoski,90,FI,1584300302,69,62.69,25.82,37.4,17.22
331,Thyborøn,100,DK,1584300302,62,56.7,8.21,46.0,8.99
332,Chumikan,4,RU,1584300302,92,54.72,135.31,-3.3,1.45
333,Tuatapere,95,NZ,1584300302,93,-46.13,167.68,53.01,15.01
334,Billings Metropolitan Area,90,US,1584300302,78,45.78,-108.5,18.0,5.12
335,Carroll,40,US,1584300015,53,39.55,-77.02,52.0,5.82
336,Airai,82,TL,1584300302,79,-8.93,125.41,66.0,3.04
337,Atuona,17,PF,1584300302,67,-9.8,-139.03,81.84,9.04
338,Marsh Harbour,0,BS,1584300303,69,26.54,-77.06,73.38,8.7
339,Cape Town,20,ZA,1584300269,68,-33.93,18.42,64.99,28.86
340,Murgab,75,TM,1584300303,32,37.5,61.97,69.8,13.87
341,Baghdad,40,IQ,1584300271,77,33.34,44.4,64.4,3.36
342,Flinders,75,AU,1584300303,100,-34.58,150.86,63.0,13.87
343,Atbasar,100,KZ,1584300303,96,51.8,68.33,34.32,11.32
344,Klaksvík,95,FO,1584300303,74,62.23,-6.59,30.2,28.19
345,Rosetown,98,CA,1584300303,83,51.55,-108.0,15.01,10.0
346,Tilichiki,98,RU,1584300303,94,60.47,166.1,8.76,7.27
347,Winneba,20,GH,1584300303,83,5.35,-0.62,84.2,14.99
348,Urcos,40,PE,1584300303,37,-13.69,-71.62,68.0,3.36
349,Outjo,41,NA,1584300303,77,-20.12,16.15,69.8,1.12
350,Elk City,90,US,1584300304,86,35.41,-99.4,44.6,6.93
351,Clyde River,75,CA,1584300304,75,70.47,-68.59,-20.2,12.75
352,Pemangkat,53,ID,1584300304,93,1.17,108.97,76.98,7.36
353,La Ronge,75,CA,1584300304,61,55.1,-105.28,14.0,10.29
354,Reitoca,40,HN,1584300304,32,13.83,-87.47,89.6,11.41
355,Mana,63,GF,1584300304,48,5.66,-53.78,88.86,7.81
356,Soria,34,ES,1584300304,86,41.67,-2.67,46.99,12.44
357,St. George's,75,GD,1584300304,94,12.06,-61.75,77.0,11.41
358,Río Gallegos,75,AR,1584300227,37,-51.62,-69.22,71.6,16.11
359,Surgut,100,RU,1584300118,80,61.25,73.42,33.8,11.18
360,Dom Pedrito,100,BR,1584300304,57,-30.98,-54.67,84.0,9.82
361,Port Hedland,0,AU,1584300305,83,-20.32,118.57,80.6,8.05
362,Haapiti,20,PF,1584300305,66,-17.57,-149.87,86.0,2.24
363,Kamenka,100,RU,1584300305,88,51.32,42.77,24.01,1.99
364,Locri,75,IT,1584300305,82,38.24,16.26,60.01,2.24
365,Carnarvon,90,AU,1584300305,83,-24.87,113.63,77.0,10.29
366,Östersund,100,SE,1584300305,88,63.18,14.64,37.99,10.29
367,Kahului,40,US,1584300065,83,20.89,-156.47,75.2,10.96
368,Morón,20,AR,1584300196,53,-34.65,-58.62,78.01,6.93
369,Maniitsoq,0,GL,1584300305,61,65.42,-52.9,5.34,16.53
370,Cabo San Lucas,75,MX,1584300305,57,22.89,-109.91,81.0,3.36
371,Ha Tinh,97,VN,1584300305,90,18.33,105.9,69.96,3.8
372,Itaituba,75,BR,1584300306,74,-4.28,-55.98,84.2,5.53
373,Rawdon,20,CA,1584300306,49,46.05,-73.72,30.0,9.17
374,Petauke,100,ZM,1584300306,95,-14.24,31.33,70.5,2.08
375,Jalu,0,LY,1584300306,17,29.03,21.55,73.2,8.23
376,Haines Junction,41,CA,1584300098,86,60.75,-137.51,18.12,3.69
377,Puerto Ayacucho,40,VE,1584300306,36,5.66,-67.62,95.0,10.29
378,Karpathos,0,GR,1584300306,93,35.51,27.21,59.0,3.36
379,Caucayá,80,CO,1584300306,73,-0.19,-74.78,82.2,5.12
380,Mount Isa,0,AU,1584300306,33,-20.73,139.5,73.4,8.05
381,Nong Chik,51,TH,1584300306,82,6.84,101.18,82.38,18.81
382,Plouzané,75,FR,1584300306,81,48.38,-4.62,46.4,4.7
383,Nizwá,17,OM,1584300306,31,22.93,57.53,64.92,8.68
384,Narsaq,100,GL,1584300307,53,60.92,-46.05,26.6,9.17
385,Novyy Urgal,87,RU,1584300307,92,51.07,132.56,-0.6,0.94
386,Ishim,100,RU,1584300307,96,56.11,69.49,33.24,26.15
387,Poum,100,NC,1584300307,78,-20.23,164.02,82.74,23.26
388,Viedma,0,AR,1584300258,18,-40.81,-63.0,76.98,2.46
389,Dukat,100,RU,1584300307,100,62.55,155.55,-6.9,4.12
390,Huicheng,31,CN,1584300307,87,23.04,116.29,57.2,2.24
391,Fort Collins,1,US,1584300307,65,40.59,-105.08,48.0,3.36
392,Kavieng,100,PG,1584300307,70,-2.57,150.8,84.54,7.74
393,Harper,100,LR,1584300308,84,4.38,-7.72,80.4,4.81
394,Sárvár,0,HU,1584300308,34,47.25,16.94,42.8,4.7
395,Santa Fe,100,AR,1584300308,85,-31.63,-60.7,72.0,3.0
396,Richards Bay,18,ZA,1584300308,82,-28.78,32.04,79.32,16.93
397,Ribeira Grande,40,PT,1584300308,77,38.52,-28.7,62.6,5.82
398,Daru,0,PG,1584300308,92,-9.08,143.21,74.1,3.47
399,Nikolskoye,30,RU,1584300308,55,59.7,30.79,35.6,11.18
400,Inuvik,40,CA,1584300308,71,68.35,-133.72,8.6,9.17
401,Lompoc,90,US,1584300176,87,34.64,-120.46,59.0,13.87
402,Arrondissement du Havre,90,FR,1584300308,87,49.58,0.33,51.8,9.17
403,Samoded,6,RU,1584300308,74,63.61,40.51,21.9,10.87
404,Mumford,81,GH,1584300302,70,5.26,-0.76,83.82,10.16
405,Dikson,100,RU,1584300308,98,73.51,80.55,-6.72,3.13
406,Miles City,90,US,1584300308,85,46.41,-105.84,23.0,17.22
407,Praia da Vitória,40,PT,1584300309,77,38.73,-27.07,60.8,3.53
408,George Town,20,MY,1584300309,88,5.41,100.34,80.6,2.24
409,Port Blair,16,IN,1584300309,73,11.67,92.75,82.74,11.61
410,Torbay,90,CA,1584300296,86,47.67,-52.73,33.01,21.92
411,Saint-Pierre,100,RE,1584300309,73,-21.34,55.48,77.0,16.11
412,Ust'-Ilimsk,98,RU,1584300303,91,58.0,102.66,29.46,13.24
413,Itambé,100,BR,1584300309,89,-15.24,-40.62,73.02,3.69
414,Pīpār,92,IN,1584300309,34,26.39,73.54,66.9,8.23
415,Tegul'det,100,RU,1584300309,97,57.31,88.17,32.16,8.3
416,Bukama,62,CD,1584300309,95,-9.2,25.85,73.38,1.97
417,Esperance,27,AU,1584300309,82,-33.87,121.9,68.0,10.29
418,Broken Hill,0,AU,1584300309,48,-31.95,141.43,60.8,11.41
419,Zhangaözen,31,KZ,1584300309,50,43.3,52.8,47.82,12.75
420,Seoul,1,KR,1584300152,79,37.57,126.98,32.0,2.24
421,Avarua,77,CK,1584300309,83,-21.21,-159.78,82.4,3.36
422,Upata,20,VE,1584300310,28,8.01,-62.4,96.06,5.86
423,Camacha,40,PT,1584300310,63,33.08,-16.33,62.6,18.34
424,Tautira,20,PF,1584300310,66,-17.73,-149.15,86.0,2.24
425,Fortuna,40,US,1584300310,75,40.6,-124.16,48.2,16.11
426,Sakakah,0,SA,1584300310,45,29.97,40.21,64.4,10.27
427,Zuwārah,2,LY,1584300043,77,32.93,12.08,60.24,7.67
428,Sembakung,42,ID,1584300310,79,3.82,117.25,75.18,5.64
429,Bulolo,98,PG,1584300310,96,-7.2,146.65,64.74,2.33
430,Bredasdorp,100,ZA,1584300310,59,-34.53,20.04,66.2,10.29
431,Talnakh,22,RU,1584300310,82,69.49,88.4,-16.6,2.24
432,Tuy Hoa,52,VN,1584300310,85,13.08,109.3,77.7,8.25
433,Kalmunai,22,LK,1584300310,79,7.42,81.82,82.38,12.57
434,Port Elizabeth,75,ZA,1584300311,93,-33.92,25.57,62.6,6.93
435,Colwyn Bay,65,GB,1584300311,70,53.29,-3.73,46.99,10.29
436,Merke,61,KZ,1584300311,33,42.87,73.18,49.98,4.63
437,Macapá,90,BR,1584300311,100,0.04,-51.07,78.8,2.24
438,Hobart,75,AU,1584300311,71,-42.88,147.33,53.6,4.65
439,Havelock,90,US,1584300015,87,34.88,-76.9,51.8,17.22
440,Bac Lieu,58,VN,1584300155,81,9.29,105.72,77.7,7.54
441,Kaabong,97,UG,1584300311,55,3.48,34.15,74.64,7.36
442,Saskylakh,100,RU,1584300311,96,71.92,114.08,20.1,5.41
443,Boyabat,75,TR,1584300311,81,41.47,34.77,42.8,14.99
444,Vila,40,PT,1584300311,81,42.03,-8.16,48.99,6.93
445,Druzhba,100,UA,1584300311,49,52.04,33.95,30.36,13.13
446,Hirson,40,FR,1584300311,66,49.92,4.08,53.01,3.36
447,Asău,0,RO,1584300234,46,46.43,26.4,28.4,4.7
448,New Norfolk,75,AU,1584300312,71,-42.78,147.06,53.6,1.25
449,Bay Roberts,90,CA,1584300312,86,47.6,-53.26,33.01,21.92
450,Bud,90,US,1584300312,80,39.45,-86.18,45.0,9.17
451,Buin,0,CL,1584300312,25,-33.73,-70.75,87.8,6.93
452,Nieves,75,PH,1584300312,83,15.33,120.95,77.0,4.7
453,Bouaké,20,CI,1584300312,61,7.69,-5.02,82.4,11.41
454,Katsuura,99,JP,1584300312,80,35.13,140.3,42.01,5.82
455,São João da Barra,8,BR,1584300312,62,-21.64,-41.05,86.0,13.87
456,Westport,1,US,1584300020,17,41.14,-73.36,53.6,12.75
457,Vila Velha,20,BR,1584300160,70,-20.33,-40.29,84.99,12.75
458,Te Anau,83,NZ,1584300312,79,-45.42,167.72,51.6,6.85
459,Laas,75,IT,1584300313,75,46.62,10.7,46.4,2.24
460,Santa Maria,75,BR,1584300313,58,-29.68,-53.81,86.0,8.05
461,Ust-Maya,88,RU,1584300313,93,60.42,134.53,-11.4,4.59
462,Chicama,40,PE,1584300313,78,-7.84,-79.15,77.0,11.41
463,Copán,62,HN,1584300313,67,14.83,-89.15,76.08,5.37
464,Ranot,28,TH,1584300313,79,7.78,100.32,82.92,14.63
465,Morrinhos,37,BR,1584300313,74,-17.73,-49.1,80.76,4.38
466,Pisco,77,PE,1584300313,30,-13.7,-76.22,73.99,17.22
467,Puerto Baquerizo Moreno,75,EC,1584300313,83,-0.9,-89.6,82.4,3.36
468,Arrondissement de Nevers,92,FR,1584300313,58,46.92,3.33,59.0,3.36
469,Iki-Burul,100,RU,1584300313,47,45.82,44.65,39.0,4.47
470,Okha,50,RU,1584300314,92,53.57,142.95,-3.12,11.7
471,Atar,0,MR,1584300314,16,20.52,-13.05,91.4,9.17
472,Ramsar,28,IR,1584300314,87,36.92,50.64,53.6,3.18
473,Ilhabela,0,BR,1584300314,86,-23.78,-45.36,78.42,10.67
474,Ermelo,0,ZA,1584300314,94,-26.53,29.98,59.52,6.6
475,Wasilla,1,US,1584300314,62,61.58,-149.44,21.2,1.97
476,Karratha,7,AU,1584300314,81,-20.74,116.85,83.82,17.78
477,Quatre Cocos,40,MU,1584300029,83,-20.21,57.76,77.0,12.08
478,Valparaíso,0,CL,1584300020,46,-33.04,-71.63,69.8,9.17
479,Xuzhou,100,CN,1584300314,58,34.18,117.16,44.76,14.09
480,Souillac,40,MU,1584300314,83,-20.52,57.52,77.0,5.01
481,Kaeo,100,NZ,1584300314,92,-35.1,173.78,59.0,7.0
482,Kiama,75,AU,1584300315,100,-34.68,150.87,62.01,13.87
483,Saldanha,83,ZA,1584300315,59,-33.01,17.94,66.2,11.41
484,Harta,0,HU,1584300315,37,46.7,19.03,37.99,2.24
485,Sioux Falls,90,US,1584300300,55,43.55,-96.7,32.0,13.87
486,Provideniya,75,RU,1584300315,79,64.38,-173.3,28.4,8.95
487,Najrān,5,SA,1584300315,23,17.49,44.13,77.0,6.93
488,Coxim,67,BR,1584300315,49,-18.51,-54.76,92.46,2.86
489,Nantucket,1,US,1584300142,38,41.28,-70.1,44.6,12.75
490,Pemberton,5,CA,1584300258,28,50.32,-122.8,28.4,6.93
491,Sobolevo,0,RU,1584300315,57,54.43,31.9,26.94,7.07
492,Gizo Government Station,100,SB,1584300315,84,-8.1,156.84,78.06,2.51
493,Olafsvik,100,IS,1584300315,67,64.89,-23.71,36.12,26.6
494,Safi,99,MA,1584300315,71,32.3,-9.24,59.88,7.9
495,Kindersley,90,CA,1584300316,72,51.47,-109.17,10.4,9.17
496,Zhiryatino,77,RU,1584300316,51,53.22,33.73,28.92,12.84
497,Albany,1,US,1584300316,22,42.6,-73.97,46.99,9.17
498,Severo-Kuril'sk,100,RU,1584300316,98,50.68,156.12,30.72,12.82
499,Novo Oriente,94,BR,1584300316,77,-5.53,-40.77,79.14,8.75
